brand,model,model_type,price_euros,mileage,manual_automatic,year,fuel,power
Land Rover,Range Rover Evoque,2.2L TD4 Prestige 4x4 Aut.,9900,140000,Automático,12/2014,Diésel,110 kW (150 CV)
SEAT,Ibiza,ST 1.4TDI CR Ecomotive S&S Reference75,3900,306000,Manual,09/2016,Diésel,55 kW (75 CV)
SEAT,Ibiza,1.6TDI CR Reference Tech,6499,116000,Manual,05/2014,Diésel,66 kW (90 CV)
BMW,116,116d Efficient Dynamics Edition,10990,10690,Manual,05/2012,Diésel,85 kW (116 CV)
SsangYong,Rexton,W 200 e-Xdi Premium 4x2,8490,154000,Manual,05/2015,Diésel,114 kW (155 CV)
Volkswagen,Golf,1.6 Trendline,5500,220000,Manual,02/2007,Gasolina,75 kW (102 CV)
Citroen,,CITROEN Berlingo M1 Pequeño  Manual de 4 Puertas,6350,187980,Manual,06/2018,Diésel,74 kW (101 CV)
Opel,Zafira,1.9CDTi Enjoy 120,2990,135199,Manual,02/2007,Diésel,88 kW (120 CV)
Lancia,Phedra,2.2JTD 16v Platino,5990,140000,Manual,08/2008,Diésel,125 kW (170 CV)
Toyota,Corolla,Verso 2.2D4D Sport 177,4000,194000,Manual,06/2007,Diésel,130 kW (177 CV)
Skoda,Fabia,1.9SDi Classic,950,337000,Manual,07/2000,Diésel,47 kW (64 CV)
Maserati,Ghibli,Diesel Aut. 275,23000,174000,Automático,12/2014,Diésel,202 kW (275 CV)
BMW,318,318i,2200,182000,Manual,05/1999,Gasolina,87 kW (118 CV)
Mercedes-Benz,A 180,180CDI,5900,164500,Manual,01/2011,Diésel,80 kW (109 CV)
Citroen,C4 Cactus,1.6 BlueHDi Shine 100,6590,126350,Manual,06/2016,Diésel,73 kW (99 CV)
MG,ZS,2.5 V6 Core 180,12990,37000,Manual,05/2023,Gasolina,130 kW (177 CV)
Audi,TT,Coupé 1.8T 180,2400,292000,Manual,11/1999,Gasolina,132 kW (179 CV)
Nissan,Almera,1.5dCi Line Up,1990,258000,Manual,04/2006,Diésel,60 kW (82 CV)
Audi,A5,2.0 TFSI 125kW S tronic g-tron Sportback,16890,89500,Automático,05/2018,Gasolina,125 kW (170 CV)
Kia,Sportage,1.6 CRDi MHEV Business DCT 4x4 136,22000,800,Automático,01/2025,Diésel,100 kW (136 CV)
Kia,Sportage,1.6 CRDi MHEV Business DCT 4x4 136,22000,800,Automático,01/2025,Diésel,100 kW (136 CV)
Nissan,Qashqai,1.5dCi Tekna 4x2 17´´,9590,103700,Manual,06/2014,Diésel,81 kW (110 CV)
Audi,A3,Sportback 30 TFSI S line S tronic,22690,39836,Automático,04/2023,Gasolina,81 kW (110 CV)
Mazda,3,1.6CRTD Active,6500,190000,Manual,03/2011,Diésel,80 kW (109 CV)
CUPRA,Formentor,1.5 TSI 150,21390,33350,Manual,03/2021,Gasolina,110 kW (150 CV)
CUPRA,Formentor,1.5 TSI 150,17995,26141,Manual,05/2021,Gasolina,110 kW (150 CV)
Kia,Stonic,1.2 DPi Drive,14072,32180,Manual,07/2023,Gasolina,62 kW (84 CV)
Skoda,Octavia,2.0TDI RS 170,4500,318000,Manual,03/2007,Diésel,125 kW (170 CV)
Skoda,Yeti,1.2 TSI Ambition 4x2,6100,200000,Manual,01/2011,Gasolina,77 kW (105 CV)
Mercedes-Benz,E 350,Coupé 350CDI BE Prime Edition Aut.,8999,260000,Automático,12/2009,Diésel,170 kW (231 CV)
BMW,X1,2.0D SDRIVE 150CV 18D 5P QUOT;4X2 QUOT;,13990,191151,Manual,08/2020,Diésel,110 kW (150 CV)
Audi,A1,Sportback 30 TFSI,12990,98361,Manual,01/2019,Gasolina,85 kW (116 CV)
Renault,Clio,Life dCi 55 kW (75 CV),7300,99000,Manual,05/2019,Diésel,55 kW (75 CV)
CUPRA,Formentor,1.5 TSI 150,22100,26896,Manual,03/2024,Gasolina,110 kW (150 CV)
DS Automobiles,DS 9,E-TENSE PERFORMANCE LINE+,18990,103203,Automático,06/2021,Electro/Gasolina,165 kW (224 CV)
SEAT,Ibiza,1.0 TSI S&S FR 110,13955,23525,Automático,12/2023,Gasolina,81 kW (110 CV)
Mercedes-Benz,S 350,BT 4M Aut.,14800,146000,Automático,09/2011,Diésel,190 kW (258 CV)
Volkswagen,Polo,1.6TDI Advance 90,5990,172500,Manual,03/2011,Diésel,66 kW (90 CV)
Volkswagen,T-Cross,1.0 TSI Advance 81kW,16990,38000,Manual,09/2022,Gasolina,81 kW (110 CV)
Opel,Corsa,1.2 XEL S/S Edition 75,8909,66221,Manual,12/2020,Gasolina,55 kW (75 CV)
Volkswagen,T-Cross,1.0 TSI Advance 81kW,16990,38000,Manual,09/2022,Gasolina,81 kW (110 CV)
Mazda,6,2.0CRTD Luxury,5700,217000,Manual,12/2008,Diésel,103 kW (140 CV)
Citroen,C5,2.0HDI Exclusive CAS 163,5990,253000,Automático,09/2011,Diésel,120 kW (163 CV)
Opel,Corsa,1.2 XEL S/S Edition 75,8909,66221,Manual,12/2020,Gasolina,55 kW (75 CV)
Kia,Sportage,1.6 GDi Concept 4x2 132,15490,42839,Manual,01/2020,Gasolina,97 kW (132 CV)
Opel,Insignia,1.6CDTI S&S Selective 136,12990,144415,Manual,06/2020,Diésel,100 kW (136 CV)
Audi,A4,Avant 2.7TDI Multitronic,7800,175000,Automático,03/2007,Diésel,132 kW (179 CV)
Jaguar,XE,2.0 Diesel Pure 180,13200,125786,Manual,08/2016,Diésel,132 kW (179 CV)
Nissan,Qashqai,1.5dCi Tekna Premium 4x2 17´´,7500,255000,Manual,02/2013,Diésel,81 kW (110 CV)
Mercedes-Benz,CLA 180,,15490,86000,Manual,08/2013,Gasolina,90 kW (122 CV)
Lamborghini,Aventador,Roadster SVJ,669999,9500,Automático,07/2020,Gasolina,566 kW (770 CV)
Ford,Mondeo,2.0TDCi Ghia Aut. 140,4990,199000,Automático,06/2009,Diésel,103 kW (140 CV)
Kia,Carens,1.7CRDI 115CV CONCEPT 5P,5990,211957,Manual,09/2015,Diésel,85 kW (116 CV)
Porsche,Taycan,4S Cross Turismo,69990,29000,Automático,05/2023,Electro/Gasolina,360 kW (489 CV)
Ford,Focus,1.6 Trend,1800,168000,Manual,05/2004,Gasolina,74 kW (101 CV)
Opel,Frontera,2.2DTI Limited 120,4490,219000,Manual,12/2002,Diésel,88 kW (120 CV)
SEAT,Ibiza,1.2 TSI Style,6990,160000,Manual,07/2015,Gasolina,66 kW (90 CV)
Renault,Captur,TCe Techno 67kW,17400,8600,Manual,05/2023,Gasolina,67 kW (91 CV)
Nissan,Qashqai,1.6dCi S&S Tekna Sport 4x2 17´´,8490,110000,Manual,10/2012,Diésel,96 kW (131 CV)
Volkswagen,Golf,1.2 TSI BMT Edition 110,9990,74900,Manual,01/2016,Gasolina,81 kW (110 CV)
Peugeot,3008,1.2 PureTech S&S Allure 130,11300,169000,Manual,01/2022,Gasolina,96 kW (131 CV)
Peugeot,406,Berlina 109cv Manual de 4 Puertas,2995,228000,Manual,11/2002,Diésel,80 kW (109 CV)
DS Automobiles,DS 3 Crossback,BlueHDi 73 kW Manual SO CHIC,11490,79202,Manual,01/2020,Diésel,73 kW (99 CV)
Peugeot,208,1.2 PureTech Access 82,6450,56250,Manual,05/2014,Gasolina,60 kW (82 CV)
Citroen,C4,Grand Picasso 1.2 PureTech S&S Shine 130,7990,99000,Manual,01/2017,Gasolina,96 kW (131 CV)
Audi,Q5,Sportback 40 TDI quattro-ultra Black line S tronic,50990,102000,Automático,08/2021,Diésel,150 kW (204 CV)
Volkswagen,Passat,1.4TSI Edition Plus,5990,182000,Manual,06/2010,Gasolina,90 kW (122 CV)
Mercedes-Benz,CLA 180,D,19890,84000,Automático,08/2018,Diésel,80 kW (109 CV)
Alfa Romeo,156,1.8 T.S. Progression,4900,100000,Manual,10/2000,Gasolina,106 kW (144 CV)
Ford,Focus,1.0 Ecoboost Auto-S&S Titanium 125,6490,143000,Manual,05/2013,Gasolina,92 kW (125 CV)
Mercedes-Benz,SLK 230,K,5990,140000,Manual,06/2000,Gasolina,142 kW (193 CV)
Citroen,Berlingo,BlueHDi S&S Talla M Feel 100,11569,147000,Manual,11/2019,Diésel,75 kW (102 CV)
Audi,A3,1.4 TFSI etron S tronic Sportback,15990,59000,Automático,01/2017,Electro/Gasolina,150 kW (204 CV)
Porsche,Macan,Aut.,39950,110000,Automático,06/2018,Gasolina,185 kW (252 CV)
Hyundai,i30,1.4 Comfort,4700,190000,Manual,12/2007,Gasolina,80 kW (109 CV)
Mercedes-Benz,S 320,CDI Aut.,13500,206543,Automático,06/2010,Diésel,150 kW (204 CV)
BMW,X4,xDrive 20d,17890,193063,Automático,01/2016,Diésel,140 kW (190 CV)
DS Automobiles,DS 3 Crossback,BlueHDi Be Chic 100,12500,93194,Manual,01/2020,Diésel,75 kW (102 CV)
BMW,218,218iA Gran Coupé Sport,29490,9850,Automático,02/2024,Gasolina,100 kW (136 CV)
Citroen,C3,1.2 PureTech S&S Feel 83,9523,22298,Manual,06/2019,Gasolina,60 kW (82 CV)
Hyundai,i30,1.4 Comfort,4700,190000,Manual,12/2007,Gasolina,80 kW (109 CV)
Mercedes-Benz,S 320,CDI Aut.,13500,206543,Automático,06/2010,Diésel,150 kW (204 CV)
BMW,X4,xDrive 20d,17890,193063,Automático,01/2016,Diésel,140 kW (190 CV)
BMW,535,535iA Touring Luxury,14490,269900,Automático,08/2014,Gasolina,225 kW (306 CV)
DS Automobiles,DS 3 Crossback,BlueHDi Be Chic 100,12500,93194,Manual,01/2020,Diésel,75 kW (102 CV)
Maserati,Ghibli,Diesel Aut. 275,26800,135000,Automático,03/2015,Diésel,202 kW (275 CV)
BMW,218,218iA Gran Coupé Sport,29490,9850,Automático,02/2024,Gasolina,100 kW (136 CV)
Citroen,C3,1.2 PureTech S&S Feel 83,9523,22298,Manual,06/2019,Gasolina,60 kW (82 CV)
Mercedes-Benz,E 320,320CDI 4M Avantgarde Aut.,7497,213999,Automático,10/2006,Diésel,165 kW (224 CV)
Nissan,Qashqai,1.6dCi Acenta 4x2 XTronic,11500,139926,Automático,01/2015,Diésel,96 kW (131 CV)
Citroen,C4,1.6HDi Tonic,7990,114500,Manual,05/2014,Diésel,68 kW (92 CV)
Land Rover,Range Rover,4.4 V8 Vogue,11980,154000,Automático,10/2002,Gasolina,210 kW (286 CV)
Land Rover,Range Rover Evoque,2.0D S FWD 150,21490,79000,Manual,08/2020,Diésel,110 kW (150 CV)
Mercedes-Benz,E 320,320CDI Avantgarde Aut.,6900,284500,Automático,12/2005,Diésel,165 kW (224 CV)
Ford,S-Max,2.0TDCI Titanium 140,7500,240000,Manual,07/2012,Diésel,103 kW (140 CV)
Renault,Talisman,1.6dCi Energy Intens 96kW,10500,190721,Manual,04/2016,Diésel,96 kW (131 CV)
Peugeot,5008,1.6HDI Premium CMP,5450,203000,Automático,10/2009,Diésel,80 kW (109 CV)
Volkswagen,Polo,1.0 BMT Edition 55kW,7690,161200,Manual,02/2017,Gasolina,55 kW (75 CV)
BMW,X4,xDrive 20dA,34900,108400,Automático,01/2021,Diésel,140 kW (190 CV)
Alfa Romeo,Stelvio,2.2D 210CV EXECUTIVE 5P,16890,197021,Manual,09/2019,Diésel,155 kW (211 CV)
Audi,S4,Avant S-Tronic,21950,158000,Automático,10/2010,Gasolina,245 kW (333 CV)
Kia,Picanto,X LINE 1.0 TGDI 100CV,8990,28565,Manual,08/2018,Gasolina,74 kW (101 CV)
Nissan,X-Trail,SE Comfort 2.0 dCi 150 CV,12400,189000,Manual,04/2012,Diésel,110 kW (150 CV)
Toyota,Auris,130 Active,9990,113000,Manual,03/2015,Gasolina,97 kW (132 CV)
Subaru,Forester,2.0TD Executive,16900,42000,Manual,10/2015,Diésel,108 kW (147 CV)
Citroen,C5,2.0HDI Business,5490,210300,Manual,04/2009,Diésel,103 kW (140 CV)
Tesla,Model S,100D,23490,103000,Automático,05/2015,Electro/Gasolina,310 kW (421 CV)
Jaguar,F-Pace,2.0i4D Pure AWD 180,13400,215000,Manual,06/2016,Diésel,132 kW (179 CV)
Suzuki,Swift,1.3I 92CV 3P,3990,120054,Manual,11/2008,Gasolina,68 kW (92 CV)
Kia,Ceed / cee'd,1.4CRDi Drive,7490,95967,Manual,07/2013,Diésel,66 kW (90 CV)
Audi,A3,Sportback 35TDI Black line,24990,63135,Manual,02/2022,Diésel,110 kW (150 CV)
Land Rover,Range Rover Evoque,2.0TD4 Pure 4WD 150,14500,190000,Manual,01/2015,Diésel,110 kW (150 CV)
Opel,Mokka,1.2 T 130cv Auto GS Line,16300,24278,Automático,11/2021,Gasolina,96 kW (131 CV)
Toyota,Corolla,125H Business,14990,46990,Automático,01/2020,Electro/Gasolina,90 kW (122 CV)
Citroen,C3,1.2 PureTech S&S Feel 83,7904,80899,Manual,07/2019,Gasolina,60 kW (82 CV)
Renault,Talisman,dCi Blue Limited 110kW,14190,45393,Manual,09/2020,Diésel,110 kW (150 CV)
Peugeot,508,2.0BlueHDi S&S GT Line EAT8 160,15490,162000,Automático,06/2020,Diésel,120 kW (163 CV)
Land Rover,Range Rover Sport,3.0SDV6 SE Aut.,17990,137411,Automático,09/2012,Diésel,188 kW (256 CV)
Alfa Romeo,4C,1.7 Tbi TCT 240,64900,26900,Automático,09/2016,Gasolina,177 kW (241 CV)
Audi,RS Q3,Sportback 2.5 TFSI quattro S tronic,59900,19742,Automático,04/2021,Gasolina,294 kW (400 CV)
Nissan,Qashqai,DIG-T 103kW (140CV) mHEV 4x2 Acenta,21360,14800,Manual,09/2023,Electro/Gasolina,103 kW (140 CV)
Audi,A3,Sportback 1.6TDI Ambition 105,8800,265000,Manual,11/2013,Diésel,77 kW (105 CV)
Mercedes-Benz,CLK 200,Cabrio 230 K Avantgarde,6999,140000,Manual,06/1999,Gasolina,142 kW (193 CV)
Peugeot,2008,Allure Pack Eléctrico 100kW,16000,38990,Automático,03/2023,Electro/Gasolina,100 kW (136 CV)
Mazda,2,1.5 Style 66kW,9900,85800,Manual,11/2016,Gasolina,66 kW (90 CV)
Audi,S3,Sedán 2.0 TFSI quattro S tronic 228kW,27000,152500,Automático,01/2017,Gasolina,228 kW (310 CV)
Nissan,Juke,1.5dCi Visia,5900,276232,Manual,11/2012,Diésel,81 kW (110 CV)
Audi,Q7,3.0TDI quattro Tiptronic DPF,8950,306000,Automático,03/2006,Diésel,172 kW (234 CV)
Cadillac,SRX,3.6 V6 Elegance Plus AWD Aut.,7900,133900,Automático,03/2006,Gasolina,190 kW (258 CV)
Jaguar,F-Pace,2.0i4D Prestige Aut. AWD 180,15990,105613,Automático,06/2016,Diésel,132 kW (179 CV)
Volkswagen,Tiguan,2.0TDI BMT Business 4M DSG 140,10890,175000,Automático,06/2014,Diésel,103 kW (140 CV)
Peugeot,208,1.5 75 CV DIESEL VAN,6900,122500,Manual,02/2020,Diésel,55 kW (75 CV)
Nissan,Leaf,40 kWh Acenta Access,10890,95992,Automático,03/2020,Electro/Gasolina,110 kW (150 CV)
Mitsubishi,Outlander,200 MPI Motion 2WD 7pl. CVT,16990,73000,Automático,02/2019,Gasolina,110 kW (150 CV)
Alfa Romeo,Stelvio,2.2 Executive RWD 190 Aut.,21790,66730,Automático,08/2020,Diésel,140 kW (190 CV)
Peugeot,Rifter,1.5BlueHDi S&S Standard Allure 130,13223,80652,Manual,07/2020,Diésel,96 kW (131 CV)
Jeep,Compass,2.2CRD Limited 4x2,6990,191000,Manual,08/2012,Diésel,100 kW (136 CV)
Volkswagen,Touareg,3.0TDI V6 BMT Premium 245 Tiptronic,17400,180000,Automático,03/2012,Diésel,180 kW (245 CV)
Land Rover,Discovery Sport,2.0TD4 SE 4x4 150,14500,152000,Manual,01/2017,Diésel,110 kW (150 CV)
SEAT,Tarraco,2.0 TDI F&F Xcellence 4 Drive,21900,89950,Manual,12/2020,Diésel,140 kW (190 CV)
Jeep,Compass,2.2CRD Limited 4x2,6990,191000,Manual,08/2012,Diésel,100 kW (136 CV)
Volkswagen,Touareg,3.0TDI V6 BMT Premium 245 Tiptronic,17400,180000,Automático,03/2012,Diésel,180 kW (245 CV)
Land Rover,Discovery Sport,2.0TD4 SE 4x4 150,14500,152000,Manual,01/2017,Diésel,110 kW (150 CV)
SEAT,Tarraco,2.0 TDI F&F Xcellence 4 Drive,21900,89950,Manual,12/2020,Diésel,140 kW (190 CV)
Mitsubishi,ASX,180DI-D Motion 4WD,9900,162300,Manual,10/2015,Diésel,85 kW (116 CV)
Mercedes-Benz,GLK 220,350CDI 4M Aut.,16990,175000,Automático,06/2010,Diésel,165 kW (224 CV)
Opel,Corsa,1.2 XEL S/S Edition 75,9995,29999,Manual,01/2022,Gasolina,55 kW (75 CV)
Citroen,C4,1.2 e-THP S&S Collection,7900,62905,Manual,09/2014,Gasolina,96 kW (131 CV)
Peugeot,3008,1.6 BlueHDi Style EAT6 120,13490,145100,Automático,01/2019,Diésel,88 kW (120 CV)
Peugeot,208,1.2 PureTech Active 110,7099,104273,Manual,11/2015,Gasolina,81 kW (110 CV)
MINI,John Cooper Works,,11990,135000,Manual,12/2008,Gasolina,155 kW (211 CV)
Peugeot,208,1.2 PureTech Style 82,6990,60967,Manual,10/2016,Gasolina,60 kW (82 CV)
Citroen,C5,1.6 THP Seduction,10499,64000,Manual,08/2022,Gasolina,115 kW (156 CV)
Opel,Zafira,1.7CDTi Energy,5500,143000,Manual,09/2009,Diésel,81 kW (110 CV)
Citroen,Berlingo,BlueHDi S&S Talla M Live 100,11983,111000,Manual,09/2020,Diésel,75 kW (102 CV)
Nissan,Qashqai,DIG-T 103kW (140CV) mHEV 4x2 Acenta,21270,8197,Manual,11/2023,Electro/Gasolina,103 kW (140 CV)
Fiat,500,1.4 Lounge,5990,128000,Automático,06/2008,Gasolina,74 kW (101 CV)
Renault,Megane E-Tech,Equilibre Standard Charge EV40 96kW,19900,117,Automático,05/2023,Electro/Gasolina,96 kW (131 CV)
Audi,A4,2.0TDI DPF 143,9800,211158,Manual,01/2011,Diésel,105 kW (143 CV)
Citroen,C4,1.4i 16v SX,2670,184826,Manual,01/2005,Gasolina,66 kW (90 CV)
Chevrolet,Lacetti,2.0TCDI 16v CDX,2950,149671,Manual,04/2009,Diésel,89 kW (121 CV)
Toyota,C-HR,125H Style Plus,16800,118273,Automático,06/2019,Electro/Gasolina,90 kW (122 CV)
Volkswagen,Golf,2.0 FSI Sportline,6990,120000,Manual,01/2005,Gasolina,110 kW (150 CV)
Peugeot,Rifter,Access Standard BlueHDi 73kW,12950,151000,Manual,01/2018,Diésel,73 kW (99 CV)
Mercedes-Benz,GLE 400,Coupé 400d 4Matic Aut.,69800,96000,Automático,07/2021,Diésel,243 kW (330 CV)
Honda,CR-V,1.6i-DTEC Elegance 4x4 160,13990,209000,Manual,02/2016,Diésel,118 kW (160 CV)
Hyundai,i30,1.5 DPI Klass SLX 110,17720,6846,Manual,05/2024,Gasolina,81 kW (110 CV)
Renault,Megane,S.T. 1.5dCi Energy Business 66kW,8995,149000,Manual,09/2017,Diésel,66 kW (90 CV)
BMW,320,320d,3990,292000,Automático,11/2002,Diésel,110 kW (150 CV)
Jaguar,XE,2.0 Diesel Prestige 180,11990,121000,Manual,08/2016,Diésel,132 kW (179 CV)
Land Rover,Range Rover Evoque,2.0TD4 HSE 4WD Aut. 150,17990,156000,Automático,01/2018,Diésel,110 kW (150 CV)
Nissan,Qashqai,1.6dCi S&S Acenta 4x2,8160,183500,Manual,09/2013,Diésel,96 kW (131 CV)
SEAT,Altea,1.6TDI CR Copa Style E-eco. S&S,6780,195000,Manual,04/2013,Diésel,77 kW (105 CV)
Peugeot,5008,1.6 BlueHDI Allure 7 pl. 120,12490,169214,Manual,01/2017,Diésel,88 kW (120 CV)
Dacia,Spring,Electric Expression 45 33kW,13900,10000,Automático,05/2023,Electro/Gasolina,33 kW (45 CV)
Citroen,Xsara,1.9D SX,2500,129000,Manual,06/1998,Diésel,50 kW (68 CV)
Mercedes-Benz,C 220,d,20950,153700,Automático,08/2018,Diésel,125 kW (170 CV)
Mercedes-Benz,E 350,Coupé 350CDI BE Prime Edition Aut.,14850,123000,Automático,12/2010,Diésel,170 kW (231 CV)
Lynk & Co,01,1.5T PHEV,19790,78370,Automático,08/2022,Electro/Gasolina,192 kW (261 CV)
Citroen,C3,1.2 VTi Tonic,4950,166922,Manual,07/2013,Gasolina,60 kW (82 CV)
Mercedes-Benz,C 220,d,20950,153700,Automático,08/2018,Diésel,125 kW (170 CV)
Mercedes-Benz,E 350,Coupé 350CDI BE Prime Edition Aut.,14850,123000,Automático,12/2010,Diésel,170 kW (231 CV)
Lynk & Co,01,1.5T PHEV,19790,78370,Automático,08/2022,Electro/Gasolina,192 kW (261 CV)
Citroen,C3,1.2 VTi Tonic,4950,166922,Manual,07/2013,Gasolina,60 kW (82 CV)
BMW,X7,xDrive 30dA,48900,144300,Automático,09/2019,Diésel,195 kW (265 CV)
Skoda,Kodiaq,2.0TDI Sportline 4x4 DSG 142kW,14400,253498,Automático,07/2017,Diésel,142 kW (193 CV)
Opel,Corsa,1.3CDTI Enjoy,1600,240000,Manual,04/2003,Diésel,51 kW (69 CV)
SEAT,Ibiza,1.0 TSI 81KW FR 5P,15600,15769,Manual,11/2023,Gasolina,81 kW (110 CV)
Lexus,LM,350h Luxury Modern Black 6pl.,118000,8000,Automático,06/2024,Electro/Gasolina,184 kW (250 CV)
Fiat,Ducato,Combi 35 3.0 Natural Power L2 136CV,16100,74628,Manual,08/2021,Gas licuado (GLP),100 kW (136 CV)
Lexus,NX 300,300h Executive 4WD Tecno + Navibox,16850,260000,Automático,03/2016,Electro/Gasolina,145 kW (197 CV)
Mercedes-Benz,GLB 200,d,27700,86792,Automático,02/2021,Diésel,110 kW (150 CV)
Audi,A4,2.0TDIe Advance Edition DPF 136,11490,172000,Manual,03/2012,Diésel,100 kW (136 CV)
Renault,Grand Scenic,1.6dCi Energy Dynamique 5pl.,4400,292000,Manual,03/2012,Diésel,96 kW (131 CV)
Mercedes-Benz,A 200,200d,15900,133000,Automático,06/2016,Diésel,100 kW (136 CV)
Hyundai,TUCSON,1.6 CRDI Klass 4x2,13490,214000,Manual,10/2021,Diésel,85 kW (116 CV)
Peugeot,Rifter,1.5BlueHDi S&S Standard Access 100,9490,190000,Manual,06/2019,Diésel,73 kW (99 CV)
MINI,Cooper,SE,21900,11000,Automático,01/2024,Electro/Gasolina,135 kW (184 CV)
Mitsubishi,Outlander,PHEV Kaiteki 4WD,14990,151000,Automático,08/2016,Electro/Gasolina,149 kW (203 CV)
Volkswagen,Arteon,2.0TDI 110kW,19790,125000,Manual,03/2019,Diésel,110 kW (150 CV)
Citroen,C8,2.2HDi 16v Premier II,5800,156545,Manual,08/2005,Diésel,96 kW (131 CV)
Mercedes-Benz,GLC 220,Coupé 220d 4Matic 9G-Tronic,37900,106714,Automático,11/2020,Diésel,143 kW (194 CV)
Nissan,Qashqai,1.5dCi Acenta 4x2 85kW,15830,87443,Manual,12/2019,Diésel,85 kW (116 CV)
Citroen,C3,1.2 PureTech S&S Feel 83,7904,80899,Manual,07/2019,Gasolina,60 kW (82 CV)
Mercedes-Benz,GLA 250,250e,30990,68000,Automático,12/2020,Electro/Gasolina,160 kW (218 CV)
BMW,X6,xDrive 40dA,16900,237000,Automático,01/2011,Diésel,225 kW (306 CV)
Dacia,Duster,1.5dCi Ambiance,7999,194500,Manual,12/2011,Diésel,63 kW (86 CV)
BMW,520,520dA,15999,170000,Automático,09/2014,Diésel,140 kW (190 CV)
Peugeot,308,1.6HDI FAP Sport 6 vel.,4200,225779,Manual,12/2008,Diésel,80 kW (109 CV)
Ford,Mondeo,2.0 TDCi Ghia,2500,270000,Manual,08/2004,Diésel,96 kW (131 CV)
BMW,X1,xDrive 18dA,10990,158000,Automático,12/2012,Diésel,105 kW (143 CV)
CUPRA,Leon,2.0 TSI DSG 140KW,24890,22300,Automático,01/2024,Gasolina,140 kW (190 CV)
Volkswagen,ID. Buzz,Pro 150 kW (204 CV),36000,17510,Automático,12/2023,Electro/Gasolina,150 kW (204 CV)
Land Rover,Range Rover Evoque,2.0 TD4 150cv Auto. 4x4 SE,14499,188244,Automático,11/2015,Diésel,110 kW (150 CV)
Ford,Kuga,2.0TDCi Auto S&S Titanium 4x2 150,13999,119919,Manual,05/2018,Diésel,110 kW (150 CV)
Toyota,C-HR,200H GR Sport Premiere Edition AWD,30950,12988,Automático,04/2024,Electro/Gasolina,144 kW (196 CV)
Toyota,Corolla,Verso 2.2D4D Luna,6990,159915,Manual,12/2008,Diésel,100 kW (136 CV)
Dacia,Duster,1.5Blue dCi Essential 4x2 85kW,12900,152000,Manual,12/2020,Diésel,85 kW (116 CV)
Toyota,Corolla,125H Business,14990,46990,Automático,01/2020,Electro/Gasolina,90 kW (122 CV)
Ferrari,12 Cilindri,12Cilindri,750000,23,Automático,01/2025,Gasolina,610 kW (829 CV)
Toyota,Corolla,Verso 2.2D4D Luna,6990,159915,Manual,12/2008,Diésel,100 kW (136 CV)
Dacia,Duster,1.5Blue dCi Essential 4x2 85kW,12900,152000,Manual,12/2020,Diésel,85 kW (116 CV)
Volkswagen,T-Cross,1.0 TSI Advance 81kW,19990,20000,Manual,01/2024,Gasolina,81 kW (110 CV)
Toyota,Corolla,125H Business,14990,46990,Automático,01/2020,Electro/Gasolina,90 kW (122 CV)
Ferrari,12 Cilindri,12Cilindri,750000,23,Automático,01/2025,Gasolina,610 kW (829 CV)
Renault,Clio,1.2 Pack Authentique,2790,130000,Manual,04/2004,Gasolina,44 kW (60 CV)
Peugeot,308,1.2 PureTech S&S Active Pack 130,14900,59120,Manual,03/2023,Gasolina,96 kW (131 CV)
Audi,A4,Avant 2.0TDI Multitronic DPF 143,8540,221754,Automático,07/2010,Diésel,105 kW (143 CV)
Fiat,500,1.2 Lounge,7450,82078,Manual,02/2020,Gasolina,51 kW (69 CV)
BMW,X3,xDrive 30dA,16500,168000,Automático,02/2014,Diésel,190 kW (258 CV)
BMW,225,225xe iPerformance Active Tourer,14990,108000,Automático,05/2019,Electro/Gasolina,165 kW (224 CV)
Volvo,V50,D5 Momentum Aut.,4950,240000,Automático,10/2006,Diésel,132 kW (179 CV)
Audi,A4,1.8,3610,151757,Manual,06/1999,Gasolina,132 kW (179 CV)
Audi,RS3,Sportback quattro S tronic 294kW,59900,68750,Automático,07/2022,Gasolina,294 kW (400 CV)
Toyota,,1.0 72CV Trendy,11300,57932,Manual,01/2023,Gasolina,53 kW (72 CV)
Alfa Romeo,Tonale,1.6 Diesel 131cv TCT Sprint,27290,9850,Automático,02/2024,Diésel,96 kW (131 CV)
Infiniti,QX50,3.0d GT Premium Aut.,12900,156000,Automático,05/2015,Diésel,175 kW (238 CV)
Opel,Corsa,1.2T XHL 74KW YES 5P,14850,1,Manual,02/2025,Gasolina,74 kW (101 CV)
Opel,Corsa,1.4 Business 90,6990,79965,Manual,01/2017,Gasolina,66 kW (90 CV)
Kia,Sportage,1.6 T-GDi Concept 150,20900,27000,Manual,08/2023,Gasolina,112 kW (152 CV)
BMW,X3,sDrive 18d Essential Edition,13900,167000,Manual,03/2013,Diésel,105 kW (143 CV)
Audi,A4,Avant 2.0TDI 110kW,18990,73000,Automático,01/2017,Diésel,110 kW (150 CV)
Nissan,Qashqai,1.6 Acenta 4x2,10499,92496,Manual,01/2014,Gasolina,84 kW (114 CV)
Renault,Clio,1.5dCi eco2 S&S Energy Dynamique 90,7990,81277,Manual,05/2013,Diésel,66 kW (90 CV)
Mercedes-Benz,C 220,220d 9G-Tronic,24800,117000,Automático,01/2021,Diésel,143 kW (194 CV)
CUPRA,Leon,1.5 eTSI 110 DSG,23700,16500,Automático,04/2024,Gasolina,110 kW (150 CV)
Porsche,Cayenne,4.5 Turbo S Aut.,15990,166000,Automático,12/2006,Gasolina,383 kW (521 CV)
Fiat,500,1.0 Hybrid Monotrim 52kW,10490,22018,Manual,01/2024,Gasolina,52 kW (71 CV)
SEAT,Ateca,2.0 TDI Xcellence Edition,17332,108894,Automático,11/2019,Diésel,110 kW (150 CV)
Kia,Sportage,1.7CRDi VGT Eco-Dynamics Drive 4x2,14990,72500,Manual,01/2017,Diésel,85 kW (116 CV)
Volkswagen,Sharan,2.0TDI Advance BMT DSG 140,11990,135000,Automático,04/2011,Diésel,103 kW (140 CV)
Peugeot,207,1.4 VTi 16v Sport,4999,96722,Manual,07/2009,Gasolina,70 kW (95 CV)
Mercedes-Benz,C 63 AMG,S 7G Plus,47990,102000,Automático,03/2015,Gasolina,375 kW (510 CV)
Kia,Ceed / cee'd,1.4CRDI WGT Concept 90,8400,180000,Manual,06/2015,Diésel,66 kW (90 CV)
MINI,Cooper,S,11990,72000,Manual,10/2009,Gasolina,128 kW (174 CV)
Jeep,Avenger,1.2 Ehybrid Altitude 100,18190,26074,Automático,02/2024,Gasolina,74 kW (101 CV)
Opel,Astra,1.6CDTi S/S Selective Pro 110,11990,61088,Manual,11/2020,Diésel,81 kW (110 CV)
Mercedes-Benz,S 350,BT 4M (4.75) Aut.,30000,238000,Automático,08/2016,Diésel,190 kW (258 CV)
Toyota,Yaris,MY'20 72CV,9900,42639,Manual,12/2019,Gasolina,53 kW (72 CV)
Porsche,Taycan,4S,69900,34000,Automático,08/2020,Electro/Gasolina,390 kW (530 CV)
Toyota,Yaris,MY'20 72CV,9900,42639,Manual,12/2019,Gasolina,53 kW (72 CV)
Porsche,Taycan,4S,69900,34000,Automático,08/2020,Electro/Gasolina,390 kW (530 CV)
SEAT,Altea XL,1.8 TSI Copa Style DSG,7200,105000,Automático,02/2010,Gasolina,118 kW (160 CV)
Mercedes-Benz,A 200,d AMG Line,12900,251000,Automático,10/2015,Diésel,100 kW (136 CV)
BMW,M3,,49900,89000,Manual,02/2009,Gasolina,309 kW (420 CV)
Citroen,C4,Grand Picasso 2.0BlueHDi S&S Exclusive EAT6,7950,212000,Automático,01/2014,Diésel,110 kW (150 CV)
Peugeot,Rifter,1.5BlueHDi S&S Standard Access 100,11990,160000,Manual,01/2021,Diésel,73 kW (99 CV)
Subaru,Forester,2.0i Hybrid Sport Plus CVT,28990,1524,Automático,12/2023,Electro/Gasolina,111 kW (151 CV)
Nissan,X-Trail,2.2DCi Elegance,5550,234000,Manual,04/2006,Diésel,100 kW (136 CV)
Volkswagen,Touareg,3.0TDI V6 Premium Tiptronic Elegance 4M 170kW,37990,110000,Automático,01/2022,Diésel,170 kW (231 CV)
SEAT,Ibiza,1.2 TSI S&S FR,8990,114802,Manual,06/2017,Gasolina,66 kW (90 CV)
Peugeot,2008,1.6 BlueHDI Style 100,9990,92658,Manual,03/2017,Diésel,73 kW (99 CV)
Subaru,Tribeca,3.6 Limited 5st Aut.,11900,143000,Automático,05/2009,Gasolina,190 kW (258 CV)
Volkswagen,CC,2.0TDI BMT DSG 177,13990,99000,Automático,12/2013,Diésel,130 kW (177 CV)
Renault,Laguna,1.5dCi Dynamique TomTom,5490,192000,Manual,05/2011,Diésel,81 kW (110 CV)
Hyundai,IONIQ,EV 28KWH KLASS 120 CV 5P,13400,39080,Automático,10/2018,Electro/Gasolina,88 kW (120 CV)
Jeep,Avenger,1.2 Altitude 100,18500,11348,Manual,07/2023,Gasolina,74 kW (101 CV)
Peugeot,Rifter,1.5 BLUEHDI 73KW ACTIVE STANDARD 5P,13400,129000,Manual,02/2020,Diésel,74 kW (101 CV)
Citroen,C-Elysée,1.6 VTi Seduction 115,5990,130000,Manual,06/2015,Gasolina,85 kW (116 CV)
Mercedes-Benz,C 200,9G-Tronic,39900,20000,Automático,03/2022,Gasolina,150 kW (204 CV)
Volvo,XC60,B4 Core AWD Aut.,35091,22053,Automático,12/2023,Diésel,145 kW (197 CV)
Mazda,CX-60,Exclusive-Line Hybrid AWD,31140,61085,Automático,01/2023,Electro/Gasolina,241 kW (328 CV)
Volkswagen,Tiguan,2.0TDI BMT Excellence 4M DSG 140,13000,162700,Automático,10/2012,Diésel,103 kW (140 CV)
SEAT,Arona,1.0 TGI S&S Style 90,10790,130000,Manual,01/2020,Gas licuado (GLP),66 kW (90 CV)
Mercedes-Benz,C 220,220d 9G-Tronic,37990,34000,Automático,03/2022,Diésel,147 kW (200 CV)
Audi,A3,Sportback 30TDI S line S tronic,23980,65119,Automático,04/2022,Diésel,85 kW (116 CV)
Peugeot,2008,1.2 PureTech S&S Signature 82,10190,18047,Manual,01/2019,Gasolina,60 kW (82 CV)
CUPRA,Formentor,1.5 TSI 150,21900,28100,Manual,06/2021,Gasolina,110 kW (150 CV)
Mercedes-Benz,CLK 200,270CDI,6990,133000,Manual,06/2004,Diésel,125 kW (170 CV)
Mercedes-Benz,C 200,9G-Tronic,20746,115301,Automático,07/2019,Gasolina,135 kW (184 CV)
Peugeot,208,1.2 PureTech Style 82,6800,98798,Manual,05/2017,Gasolina,60 kW (82 CV)
Mercedes-Benz,E 220,Coupé 220CDI (4.75),19790,65000,Automático,03/2014,Diésel,125 kW (170 CV)
Fiat,500,1.0 Hybrid Dolcevita 52kW,10890,18638,Manual,01/2024,Gasolina,52 kW (71 CV)
Lynk & Co,01,1.5T PHEV,23391,33721,Automático,04/2023,Electro/Gasolina,192 kW (261 CV)
Mercedes-Benz,A 200,200d 4Matic 8G-DCT,25000,94717,Automático,11/2020,Diésel,110 kW (150 CV)
Audi,A3,Sportback 35TDI Black line,25490,59940,Manual,03/2022,Diésel,110 kW (150 CV)
Volvo,XC90,B5 Business Plus 7pl. AWD Aut.,37791,99673,Automático,11/2020,Diésel,173 kW (235 CV)
Peugeot,607,2.7HDI Pack Titanio Aut.,5990,228543,Automático,03/2010,Diésel,150 kW (204 CV)
Nissan,Qashqai,1.6dCi Visia 4x2,12900,178000,Manual,08/2018,Diésel,96 kW (131 CV)
Kia,Ceed / cee'd,1.0 T-GDI Drive,16270,21430,Manual,06/2023,Gasolina,88 kW (120 CV)
Lynk & Co,01,1.5T PHEV,23391,33721,Automático,04/2023,Electro/Gasolina,192 kW (261 CV)
Mercedes-Benz,A 200,200d 4Matic 8G-DCT,25000,94717,Automático,11/2020,Diésel,110 kW (150 CV)
BMW,M5,M5A CS,136990,39200,Automático,06/2021,Gasolina,467 kW (635 CV)
Audi,A3,Sportback 35TDI Black line,25490,59940,Manual,03/2022,Diésel,110 kW (150 CV)
Volvo,XC90,B5 Business Plus 7pl. AWD Aut.,37791,99673,Automático,11/2020,Diésel,173 kW (235 CV)
Peugeot,607,2.7HDI Pack Titanio Aut.,5990,228543,Automático,03/2010,Diésel,150 kW (204 CV)
Nissan,Qashqai,1.6dCi Visia 4x2,12900,178000,Manual,08/2018,Diésel,96 kW (131 CV)
Kia,Ceed / cee'd,1.0 T-GDI Drive,16270,21430,Manual,06/2023,Gasolina,88 kW (120 CV)
Porsche,Macan,GTS Aut.,47490,116000,Automático,01/2018,Gasolina,265 kW (360 CV)
Ford,Focus,1.6 16v. Wagon Ambiente,2990,110000,Manual,09/2000,Gasolina,74 kW (101 CV)
Mercedes-Benz,CLA 250,Shooting Brake 250e 8G-DCT,27173,34868,Automático,01/2021,Electro/Gasolina,160 kW (218 CV)
Opel,Corsa,1.2T XHL S/S GS 100,12690,16036,Manual,04/2024,Gasolina,74 kW (101 CV)
Toyota,Prius,1.8 VVT-I PHEV HYBRID ADVANCE AUTO 122 5P,21450,56953,Automático,06/2021,Electro/Gasolina,90 kW (122 CV)
Citroen,C4,Grand Spacetourer 1.2 PureTech S&S Live 130,10500,169000,Manual,04/2021,Gasolina,96 kW (131 CV)
BMW,X6,xDrive 30dA,55900,104169,Automático,12/2020,Diésel,195 kW (265 CV)
Citroen,C-Elysée,1.5BlueHDi S&S Origins 100,9990,42000,Manual,01/2020,Diésel,75 kW (102 CV)
Chevrolet,Camaro,Coupé Aut.,32000,68500,Automático,01/2017,Gasolina,- kW (- CV)
Opel,Corsa,1.2T XHL S/S GS 100,12690,17167,Manual,04/2024,Gasolina,74 kW (101 CV)
Lexus,GS 300,300h Eco,20980,93867,Automático,11/2016,Electro/Gasolina,164 kW (223 CV)
Land Rover,Range Rover Velar,2.0D I4 MHEV S 4WD Aut. 204,26999,180000,Automático,04/2021,Diésel,150 kW (204 CV)
Mercedes-Benz,B 200,-CLASS 1.8 CDI 136 5P,14990,96451,Manual,02/2015,Diésel,100 kW (136 CV)
Ford,Focus,Trend,4490,200145,Manual,12/2011,Diésel,85 kW (116 CV)
SEAT,Leon,2.0TDI FR1,7599,169000,Manual,09/2007,Diésel,125 kW (170 CV)
Dodge,Caliber,2.0CRD S,5800,125000,Manual,07/2006,Diésel,103 kW (140 CV)
Land Rover,Range Rover Evoque,2.2L SD4 Sicilian Yellow LE 4x4 190 Aut.,17990,149000,Automático,09/2013,Diésel,140 kW (190 CV)
Volkswagen,Passat,Variant 1.6TDI Business Edition BMT,9990,149000,Manual,07/2013,Diésel,77 kW (105 CV)
Mercedes-Benz,E 220,CDI,5500,320000,Manual,01/2002,Diésel,110 kW (150 CV)
Audi,Q7,3.0TDI Ambition Tiptronic,15990,180000,Automático,02/2011,Diésel,176 kW (239 CV)
Fiat,Qubo,Fiorino 1.3Mjt Dynamic 95,5990,250000,Manual,01/2015,Diésel,70 kW (95 CV)
Pontiac,Solstice,,18900,56000,Automático,02/2007,Gasolina,- kW (- CV)
Chrysler,300C,3.0CRD Executive Aut.,7990,245000,Automático,06/2010,Diésel,160 kW (218 CV)
Land Rover,Range Rover Evoque,2.0TD4 SE Dynamic 4WD Aut. 150,17900,125000,Automático,04/2016,Diésel,110 kW (150 CV)
Skoda,Octavia,2.0TDI CR Ambition,11900,100925,Manual,04/2015,Diésel,110 kW (150 CV)
SEAT,Leon,1.6TDICR Reference Copa E-eco. S&S,7499,139999,Manual,07/2011,Diésel,77 kW (105 CV)
Peugeot,208,1.2 PureTech S&S Active 82,7500,75000,Manual,12/2019,Gasolina,61 kW (83 CV)
Mercedes-Benz,GLA 220,220CDI AMG Line 7G-DCT,18490,167000,Automático,01/2015,Diésel,125 kW (170 CV)
Volvo,V40,D2 Kinetic Aut. 120,13990,87653,Automático,07/2017,Diésel,88 kW (120 CV)
Opel,Corsa,1.2T XHL S/S Elegance 100,12985,16654,Manual,01/2022,Gasolina,74 kW (101 CV)
Land Rover,Discovery,Expedition Td5 (138 CV) 7 asientos,12900,100000,Manual,06/2001,Diésel,101 kW (137 CV)
Audi,A8,3.3TDI quattro Tiptronic,4500,296000,Automático,01/2000,Diésel,165 kW (224 CV)
Mercedes-Benz,E 220,CDI,5500,320000,Manual,01/2002,Diésel,110 kW (150 CV)
Audi,Q7,3.0TDI Ambition Tiptronic,15990,180000,Automático,02/2011,Diésel,176 kW (239 CV)
Fiat,Qubo,Fiorino 1.3Mjt Dynamic 95,5990,250000,Manual,01/2015,Diésel,70 kW (95 CV)
Pontiac,Solstice,,18900,56000,Automático,02/2007,Gasolina,- kW (- CV)
Toyota,RAV 4,150D Advance 2WD,19450,80054,Manual,08/2016,Diésel,105 kW (143 CV)
Chrysler,300C,3.0CRD Executive Aut.,7990,245000,Automático,06/2010,Diésel,160 kW (218 CV)
Land Rover,Range Rover Evoque,2.0TD4 SE Dynamic 4WD Aut. 150,17900,125000,Automático,04/2016,Diésel,110 kW (150 CV)
SEAT,Leon,1.6TDICR Reference Copa E-eco. S&S,7499,139999,Manual,07/2011,Diésel,77 kW (105 CV)
Peugeot,208,1.2 PureTech S&S Active 82,7500,75000,Manual,12/2019,Gasolina,61 kW (83 CV)
Mercedes-Benz,GLA 220,220CDI AMG Line 7G-DCT,18490,167000,Automático,01/2015,Diésel,125 kW (170 CV)
Mazda,CX-5,2.2DE Style + Navegador 2WD,11999,189000,Manual,01/2016,Diésel,110 kW (150 CV)
Volvo,V40,D2 Kinetic Aut. 120,13990,87653,Automático,07/2017,Diésel,88 kW (120 CV)
Opel,Corsa,1.2T XHL S/S Elegance 100,12985,16654,Manual,01/2022,Gasolina,74 kW (101 CV)
Land Rover,Discovery,Expedition Td5 (138 CV) 7 asientos,12900,100000,Manual,06/2001,Diésel,101 kW (137 CV)
Audi,A8,3.3TDI quattro Tiptronic,4500,296000,Automático,01/2000,Diésel,165 kW (224 CV)
Infiniti,Q50,3.5 Hybrid Premium Aut.,21900,99000,Automático,05/2019,Electro/Gasolina,268 kW (364 CV)
Nissan,Qashqai,1.5dCi Acenta 4x2,8300,164949,Manual,01/2012,Diésel,81 kW (110 CV)
Kia,Picanto,1.1 LX,3199,116000,Manual,04/2006,Gasolina,48 kW (65 CV)
Mercedes-Benz,CLS 350,Shooting Brake BT 4M Aut.,22990,149999,Automático,03/2014,Diésel,185 kW (252 CV)
DS Automobiles,DS 7 Crossback,E-Tense Be Chic Aut. 4x4,22690,67613,Automático,07/2020,Electro/Gasolina,220 kW (299 CV)
Opel,Corsa,1.2T XHT S/S GS-Line + AT8 130,12400,41152,Automático,09/2021,Gasolina,96 kW (131 CV)
BMW,218,218iA Gran Coupé,23900,96400,Automático,01/2021,Gasolina,100 kW (136 CV)
Kia,Stonic,1.2 DPi Drive,15400,14508,Manual,06/2023,Gasolina,62 kW (84 CV)
SEAT,Ibiza,1.6TDI CR Copa Style DPF,6490,134000,Manual,03/2011,Diésel,66 kW (90 CV)
Kia,Sportage,1.6 GDi x-Tech17 4x2,12990,114000,Manual,01/2018,Gasolina,97 kW (132 CV)
Alfa Romeo,Spider,2.0 JTS,7990,117000,Manual,06/2004,Gasolina,121 kW (165 CV)
Mercedes-Benz,CLK 200,280,9990,147000,Manual,06/2007,Gasolina,170 kW (231 CV)
Audi,A4,Avant 2.0TDI 110kW,14900,216980,Manual,04/2018,Diésel,110 kW (150 CV)
Hyundai,i10,1.0 MPI Klass,7490,95105,Manual,05/2019,Gasolina,49 kW (67 CV)
Ford,Puma,1.0 EcoBoost 125cv Titanium MHEV,14140,45552,Manual,08/2022,Electro/Gasolina,92 kW (125 CV)
Mercedes-Benz,GLS 350,350d 4Matic Aut.,44990,120000,Automático,06/2019,Diésel,190 kW (258 CV)
SEAT,Arona,1.0 TSI S&S FR XM 110,16890,6182,Manual,06/2023,Gasolina,81 kW (110 CV)
Ford,Focus,1.0 Ecoboost 125CV MHEV ST-Line,14700,59346,Manual,01/2022,Electro/Gasolina,92 kW (125 CV)
Jaguar,F-Type,Coupé 3.0 V6 Aut. 340,39900,72000,Automático,03/2016,Gasolina,250 kW (340 CV)
Lexus,NX 300,300h Executive 4WD,22350,135000,Automático,04/2017,Electro/Gasolina,145 kW (197 CV)
Opel,Corsa,1.2T XHL 74kW (100CV) GS,13900,7943,Manual,04/2024,Gasolina,74 kW (101 CV)
Mercedes-Benz,GLK 220,220CDI BE 4M Aut.,13900,178977,Automático,01/2011,Diésel,125 kW (170 CV)
Ford,Focus,1.0 Ecoboost Auto-S&S Trend+ 125,7995,110000,Manual,11/2014,Gasolina,92 kW (125 CV)
Hyundai,TUCSON,KLASS 1.6 TGDI 150CV,20990,11660,Manual,04/2024,Gasolina,110 kW (150 CV)
Kia,Sportage,1.7CRDi Drive,9990,150000,Manual,02/2012,Diésel,85 kW (116 CV)
Kia,Sportage,1.7CRDi Drive,9990,150000,Manual,02/2012,Diésel,85 kW (116 CV)
Renault,Megane,1.5DCi Confort Dynamique,3750,204037,Manual,02/2004,Diésel,59 kW (80 CV)
Kia,EV6,Long Range Air RWD 168kW,31630,11362,Automático,06/2023,Electro/Gasolina,168 kW (228 CV)
Nissan,Qashqai,1.2 DIG-T Acenta 4x2,12490,68518,Manual,10/2016,Gasolina,85 kW (116 CV)
SEAT,Ibiza,1.0 MPI Evo S&S Style XM 80,13990,23881,Manual,04/2024,Gasolina,59 kW (80 CV)
Mercedes-Benz,GLA 200,200d 7G-DCT,20990,110000,Automático,11/2019,Diésel,100 kW (136 CV)
Land Rover,Range Rover Evoque,2.0TD4 HSE 4WD Aut. 150,16500,130000,Automático,12/2018,Diésel,110 kW (150 CV)
Mercedes-Benz,E 220,,33701,32000,Automático,03/2021,Diésel,143 kW (194 CV)
Opel,Corsa,1.3 ecoFlex C Mon,5999,69800,Manual,04/2011,Diésel,55 kW (75 CV)
Audi,A5,Sportback 1.8 TFSI S line edition 177,15500,150000,Manual,10/2016,Gasolina,130 kW (177 CV)
Porsche,Cayenne,Diesel Platinum Edition Aut.,29990,182692,Automático,10/2017,Diésel,193 kW (262 CV)
Renault,Kangoo,Combi 1.5dCi Blue Profesional 70kW,8917,150000,Manual,02/2021,Diésel,70 kW (95 CV)
Volkswagen,ID.3,1st Max 150 kW (204 CV) (E113MJ13),18790,29361,Automático,10/2020,Electro/Gasolina,150 kW (204 CV)
Toyota,C-HR,1.8 125H Advance,20360,96447,Automático,03/2023,Electro/Gasolina,90 kW (122 CV)
MG,ZS,1.5 VTi-Tech Comfort 78kW,15290,4290,Manual,10/2024,Gasolina,78 kW (106 CV)
Renault,Fluence,1.5dCi Dynamique 110 eco2,4300,270084,Manual,05/2012,Diésel,81 kW (110 CV)
Skoda,Octavia,1.5 TSI MHEV Selection DSG,24900,16380,Automático,03/2024,Gasolina,110 kW (150 CV)
Mercedes-Benz,A 140,Elegance,2600,170000,Manual,04/1998,Gasolina,60 kW (82 CV)
Opel,Corsa,1.4 Expression 75,6750,41416,Manual,01/2017,Gasolina,55 kW (75 CV)
Porsche,Macan,Turbo,122999,6000,Automático,09/2024,Electro/Gasolina,470 kW (639 CV)
